/c/action-figures_0520,Action Figures
/c/anime-plush_0533,Anime Plush
/c/bags-amp-wallets_0526,Bags & Wallets
/c/metal-chain_0514,Metal Chain
/c/cosplay_0518,Cosplay
/c/paper-products_0522,Paper Products
/c/clock-amp-watch_0524,Clock & Watch
/c/anime-wallscroll_0748,Anime Wallscroll
/c/animal-pyjamas_0834,Animal Pyjamas
/c/board-game_1047,Board Game
/c/household_0531,Household
/c/electronics_0539,Electronics
/c/wooden-foam-amp-steel-swords_0570,"Wooden, Foam & Steel Swords"
/c/stationery_0580,Stationery
/c/mouse-pad_0591,Mouse Pad
/c/hand-spinner_1072,Hand Spinner
/c/other_0593,Other
